The Palm Courtyard,
The King's Vine,
The Dapper Horse,
The Aqua Demon,
The Orange Cow,
The Garden,
Little Persia,
The Cane,
Serenity,
Gastrognome,
The Modern Walk,
The Big Genie,
The Shining Monument,
The New Boar,
The Indian Salmon,
Midnight,
Babylon,
Treasure,
Grace,
Roadhouse,
la Pomme de Chocolat,
l'Instant du Roi,
le Moment de Cacao,
la Vache de Vanille,
le Turban,
The Vintage Chamber,
The Chopping Exhibit,
The Mountain Taste,
The Pepper Barbecue,
The Golden Pantry,
Solstice,
Streetwise,
The Parlour,
Nova,
The Mammoth Bistro,
The Cinnamon Saloon,
The Jade Street Kitchen,
The Ruby Vine,
The Jazz Knight,
Veil,
Gentle,
Glasshouse,
The Locket,
The Island,
The Tandoori Orchard,
The Corner Pig,
The Autumn Fridge,
The Moroccan Canteen,
The Mad Cottage,
The Gallery,
Parlay,
The Goat,
Drifters,
Atlas,
The Nifty Victory,
The Savory Whale,
The Painted Vine,
The Northern Badger,
The Cool Orchard,
The Turban,
Maze,
Olive Grove,
Splash
